업종구분명,교습과정명,시설위치_경도,시설위치_위도
교습소,{'음악'},127.04891869999999,37.1462791
교습소,{'미술'},127.04891869999999,37.1462791
교습소,{'보습'},127.052419,37.14580915
학교교과교습학원,"{'종합', '사', '수', '논술', '국', '과'}",127.04891869999999,37.1462791
학교교과교습학원,"{'피아노', '이상', '체르니'}",127.04891869999999,37.1462791
학교교과교습학원,"{'바이올린', '플룻', '관현악'}",127.04891869999999,37.1462791
학교교과교습학원,"{'피아노', '바이엘'}",127.04891869999999,37.1462791
학교교과교습학원,{'영어'},127.04891869999999,37.1462791
학교교과교습학원,"{'피아노', '체르니'}",127.04891869999999,37.1462791
학교교과교습학원,"{'종합', '초등'}",127.0460267,37.14755968
학교교과교습학원,"{'피아노', '체르니'}",127.04891869999999,37.1462791
학교교과교습학원,"{'수학', '스쿨'}",127.0687522,37.13392538
학교교과교습학원,{'한국사'},127.0687522,37.13392538
학교교과교습학원,{'피아노'},127.06872560000001,37.12923093
학교교과교습학원,"{'수학', '저학년', '논술'}",127.0687522,37.13392538
교습소,{'미술'},127.06707379999999,37.13206113
교습소,{'보습'},127.07113580000001,37.13139209
교습소,{'음악'},127.0797771,37.12991808
교습소,{'보습'},127.07113580000001,37.13139209
학교교과교습학원,{'일본어'},127.0687522,37.13392538
학교교과교습학원,{'체르니'},127.0685281,37.13511489
학교교과교습학원,{'플룻'},127.07094440000002,37.13133813
학교교과교습학원,"{'종합', '사', '과', '국', '영', '수'}",127.070922,37.131473299999996
학교교과교습학원,"{'피아노', '단계'}",127.06872560000001,37.12923093
학교교과교습학원,"{'피아노', '고급'}",127.07113580000001,37.13139209
학교교과교습학원,"{'수학', '초등'}",127.0685281,37.13511489
학교교과교습학원,"{'영어', '초반'}",127.0686973,37.13550225
학교교과교습학원,"{'영어', '고급', '반'}",127.0686973,37.13550225
학교교과교습학원,"{'영어', '특강', '회화', '반'}",127.0686973,37.13550225
학교교과교습학원,"{'영어', '똑똑'}",127.0687522,37.13392538
학교교과교습학원,{'한자'},127.0687522,37.13392538
학교교과교습학원,"{'피아노', '단계'}",127.06872560000001,37.12923093
학교교과교습학원,"{'영어', '등심', '반'}",127.0686973,37.13550225
학교교과교습학원,{'수학'},127.0687522,37.13392538
학교교과교습학원,{'사회'},127.0687522,37.13392538
학교교과교습학원,"{'영어', '초등'}",127.0685281,37.13511489
학교교과교습학원,"{'수학', '초등'}",127.0685281,37.13511489
학교교과교습학원,"{'독서실', '개월'}",127.0687522,37.13392538
학교교과교습학원,"{'수학', '와락'}",127.0687522,37.13392538
학교교과교습학원,{'수학'},127.0687522,37.13392538
학교교과교습학원,"{'사회', '와락'}",127.0687522,37.13392538
학교교과교습학원,"{'피아노', '중'}",127.06707379999999,37.13206113
학교교과교습학원,"{'피아노', '급'}",127.07094440000002,37.13133813
학교교과교습학원,{'바이올린'},127.07094440000002,37.13133813
학교교과교습학원,"{'수학', '초등', '심화', '반'}",127.0686973,37.13550225
학교교과교습학원,"{'종합', '수학', '과목', '반'}",127.0687522,37.13392538
학교교과교습학원,"{'영어', '초등'}",127.0685281,37.13511489
학교교과교습학원,{'독서'},127.0687522,37.13392538
학교교과교습학원,"{'스쿨', '국어'}",127.0687522,37.13392538
학교교과교습학원,"{'과목', '초등'}",127.0712243,37.12969806
학교교과교습학원,"{'피아노', '체르니'}",127.0731383,37.13064304
학교교과교습학원,"{'영어', '초등'}",127.0685281,37.13511489
학교교과교습학원,"{'영역', '국어'}",127.0687522,37.13392538
학교교과교습학원,{'똑똑'},127.0687522,37.13392538
학교교과교습학원,{'수학'},127.070922,37.131473299999996
학교교과교습학원,{'기타'},127.07094440000002,37.13133813
학교교과교습학원,"{'피아노', '급'}",127.07113580000001,37.13139209
학교교과교습학원,"{'스쿨', '국어'}",127.0687522,37.13392538
학교교과교습학원,"{'와락', '국어'}",127.0687522,37.13392538
학교교과교습학원,{'미술'},127.0731383,37.13064304
학교교과교습학원,"{'피아노', '초', '바이엘'}",127.0731383,37.13064304
학교교과교습학원,"{'피아노', '체르니'}",127.0731383,37.13064304
학교교과교습학원,"{'수학', '중등', '초'}",127.07302630000001,37.13128286
학교교과교습학원,"{'피아노', '초'}",127.0687522,37.13392538
학교교과교습학원,"{'종합', '초등'}",127.0685281,37.13511489
학교교과교습학원,"{'영어', '초등'}",127.0685281,37.13511489
학교교과교습학원,"{'영어', '초', '중등'}",127.07302630000001,37.13128286
학교교과교습학원,"{'수학', '스쿨'}",127.0687522,37.13392538
학교교과교습학원,{'국어'},127.0687522,37.13392538
학교교과교습학원,{'영어'},127.0687522,37.13392538
학교교과교습학원,"{'피아노', '초'}",127.07094440000002,37.13133813
학교교과교습학원,"{'수학', '과반'}",127.0687522,37.13392538
학교교과교습학원,"{'피아노', '급'}",127.0687522,37.13392538
학교교과교습학원,"{'피아노', '고급'}",127.0687522,37.13392538
학교교과교습학원,"{'와락', '과학'}",127.0687522,37.13392538
학교교과교습학원,"{'수학', '논술'}",127.0687522,37.13392538
학교교과교습학원,{'첼로'},127.0687522,37.13392538
학교교과교습학원,"{'영어', '초등'}",127.0712243,37.12969806
학교교과교습학원,{'문법'},127.0687522,37.13392538
학교교과교습학원,{'사회'},127.0687522,37.13392538
학교교과교습학원,{'일본어'},127.0687522,37.13392538
학교교과교습학원,{'우쿨렐레'},127.06707379999999,37.13206113
학교교과교습학원,{'체르니'},127.0685281,37.13511489
학교교과교습학원,"{'리딩', '영어', '특강', '문법', '반'}",127.0686973,37.13550225
학교교과교습학원,"{'입시', '성악'}",127.0687522,37.13392538
학교교과교습학원,"{'수학', '초등'}",127.0685281,37.13511489
학교교과교습학원,{'한자'},127.0687522,37.13392538
학교교과교습학원,{'써밋초등'},127.0687522,37.13392538
학교교과교습학원,"{'수학', '과목', '저학년'}",127.0687522,37.13392538
학교교과교습학원,"{'피아노', '초'}",127.07113580000001,37.13139209
학교교과교습학원,{'플룻'},127.07113580000001,37.13139209
학교교과교습학원,"{'영어', '등반'}",127.0686973,37.13550225
학교교과교습학원,{'사고력'},127.0687522,37.13392538
학교교과교습학원,"{'톡', '해피'}",127.0687522,37.13392538
학교교과교습학원,"{'영어', '와락'}",127.0687522,37.13392538
학교교과교습학원,"{'초등', '언어'}",127.06872560000001,37.12923093
학교교과교습학원,{'바이올린'},127.07113580000001,37.13139209
학교교과교습학원,"{'기초', '영어', '심화', '반'}",127.0686973,37.13550225
학교교과교습학원,"{'피아노', '고급'}",127.0687522,37.13392538
학교교과교습학원,{'기타'},127.0687522,37.13392538
학교교과교습학원,"{'수학', '초등'}",127.0685281,37.13511489
학교교과교습학원,"{'독서실', '일'}",127.0687522,37.13392538
학교교과교습학원,{'과학'},127.0687522,37.13392538
학교교과교습학원,{'듣기'},127.0687522,37.13392538
학교교과교습학원,"{'놀이', '똑똑'}",127.0687522,37.13392538
학교교과교습학원,"{'수학', '똑똑'}",127.0687522,37.13392538
학교교과교습학원,"{'수학', '와락'}",127.0687522,37.13392538
학교교과교습학원,"{'영어', '와락'}",127.0687522,37.13392538
학교교과교습학원,"{'피아노', '고급'}",127.07094440000002,37.13133813
학교교과교습학원,"{'종합', '초등'}",127.06872560000001,37.12923093
학교교과교습학원,"{'영어', '심화', '고급', '반'}",127.0686973,37.13550225
학교교과교습학원,"{'수학', '초등', '초반'}",127.0686973,37.13550225
학교교과교습학원,"{'피아노', '체르니'}",127.0731383,37.13064304
학교교과교습학원,"{'종합', '초등'}",127.0685281,37.13511489
학교교과교습학원,{'독서'},127.0687522,37.13392538
학교교과교습학원,"{'똑똑', '한글'}",127.0687522,37.13392538
학교교과교습학원,{'체르니'},127.0685281,37.13511489
학교교과교습학원,"{'톡', '해피'}",127.0687522,37.13392538
학교교과교습학원,"{'한자', '똑똑'}",127.0687522,37.13392538
학교교과교습학원,"{'와락', '국어'}",127.0687522,37.13392538
학교교과교습학원,"{'미술', '초등'}",127.0685281,37.13511489
학교교과교습학원,{'바이엘'},127.0685281,37.13511489
학교교과교습학원,{'체르니'},127.0685281,37.13511489
학교교과교습학원,"{'피아노', '초'}",127.06707379999999,37.13206113
학교교과교습학원,"{'피아노', '고급'}",127.06707379999999,37.13206113
학교교과교습학원,"{'피아노', '급', '상'}",127.07094440000002,37.13133813
학교교과교습학원,{'드럼'},127.08199809999999,37.13380916
학교교과교습학원,{'피아노'},127.08199809999999,37.13380916
학교교과교습학원,{'바이올린'},127.08199809999999,37.13380916
학교교과교습학원,"{'과목', '초등'}",127.0836071,37.13342062
학교교과교습학원,"{'그린', '영어', '초등', '코스'}",127.08203390000001,37.1357554
학교교과교습학원,"{'주', '일반'}",127.08199809999999,37.13380916
학교교과교습학원,{'플룻'},127.08199809999999,37.13380916
학교교과교습학원,"{'주', '일반'}",127.08199809999999,37.13380916
학교교과교습학원,"{'영어', '유치부'}",127.08530859999999,37.13544681
학교교과교습학원,"{'영어', '초등', '코스', '블루'}",127.08203390000001,37.1357554
학교교과교습학원,"{'영어', '초등', '코스', '레드'}",127.08203390000001,37.1357554
학교교과교습학원,"{'영어', '초등', '문법'}",127.08203390000001,37.1357554
학교교과교습학원,"{'영어', '초등', '코스', '블랙'}",127.08203390000001,37.1357554
학교교과교습학원,"{'영어', '초등'}",127.08203390000001,37.1357554
학교교과교습학원,"{'영어', '초등'}",127.08203390000001,37.1357554
학교교과교습학원,"{'주', '일반'}",127.08199809999999,37.13380916
학교교과교습학원,"{'영어', '초', '등부'}",127.08530859999999,37.13544681
학교교과교습학원,"{'영어', '초등'}",127.08203390000001,37.1357554
학교교과교습학원,"{'영어', '코스', '초등', '옐로우'}",127.08203390000001,37.1357554
학교교과교습학원,"{'수학', '초등'}",127.08203390000001,37.1357554
학교교과교습학원,"{'렐레', '우쿠'}",127.08199809999999,37.13380916
교습소,{'보습'},127.0839219,37.13316811
교습소,{'보습'},127.08199809999999,37.13380916
교습소,{'보습'},127.0839219,37.13316811
학교교과교습학원,"{'영어', '화이트', '초등', '코스'}",127.08203390000001,37.1357554
학교교과교습학원,"{'수학', '초등', '반'}",127.0572017,37.16016973
학교교과교습학원,"{'종합', '초등'}",127.0644153,37.15672421
학교교과교습학원,"{'피아노', '체르니'}",127.0561665,37.16080994
학교교과교습학원,"{'피아노', '초'}",127.0573365,37.15969212
학교교과교습학원,"{'피아노', '급'}",127.0573365,37.15969212
학교교과교습학원,{'바이올린'},127.0680882,37.16011018
학교교과교습학원,"{'영어', '초등', '반'}",127.0572017,37.16016973
학교교과교습학원,{'체르니'},127.0553347,37.16277459
학교교과교습학원,{'플릇'},127.0553347,37.16277459
학교교과교습학원,"{'영어', '초'}",127.0566389,37.16030514
학교교과교습학원,"{'교육', '코딩'}",127.0580571,37.15978189
학교교과교습학원,"{'피아노', '급반'}",127.0680882,37.16011018
학교교과교습학원,"{'수학', '초등', '반'}",127.0572017,37.16016973
학교교과교습학원,"{'종합', '초등', '반'}",127.0572017,37.16016973
학교교과교습학원,"{'초등', '학년'}",127.0561665,37.16080994
학교교과교습학원,"{'피아노', '바이엘'}",127.0553347,37.16277459
학교교과교습학원,"{'영어', '초등', '반'}",127.0572017,37.16016973
학교교과교습학원,"{'수학', '초등', '반'}",127.0572017,37.16016973
학교교과교습학원,"{'종합', '초등', '반'}",127.0572017,37.16016973
학교교과교습학원,"{'피아노', '기초'}",127.0561665,37.16080994
학교교과교습학원,"{'피아노', '체르니'}",127.0553347,37.16277459
학교교과교습학원,"{'피아노', '초', '반'}",127.0680882,37.16011018
학교교과교습학원,"{'학년', '중'}",127.0561665,37.16080994
학교교과교습학원,"{'수학', '녀', '등교', '국어', '가정', '초', '다자'}",127.06002749999999,37.16022247
학교교과교습학원,{'체르니'},127.0553347,37.16277459
학교교과교습학원,"{'피아노', '초'}",127.0573365,37.15969212
학교교과교습학원,"{'영어', '초등', '반'}",127.0572017,37.16016973
학교교과교습학원,"{'종합', '초등'}",127.0561665,37.16091807
학교교과교습학원,"{'사회', '과학', '영문법', '등교', '영어', '초', '회화', '일반'}",127.06002749999999,37.16022247
학교교과교습학원,"{'피아노', '고급', '반'}",127.0680882,37.16011018
학교교과교습학원,"{'영어', '초'}",127.0566389,37.16030514
학교교과교습학원,"{'수학', '등교', '상위', '계층', '초', '가정', '차', '기초', '수급', '국어'}",127.06002749999999,37.16022247
학교교과교습학원,"{'영어', '초', '중'}",127.0566389,37.16030514
학교교과교습학원,"{'피아노', '체르니'}",127.0561665,37.16080994
학교교과교습학원,"{'종합', '초등', '반'}",127.0572017,37.16016973
학교교과교습학원,"{'수학', '초등', '반'}",127.0572017,37.16016973
학교교과교습학원,"{'종합', '초등', '반'}",127.0572017,37.16016973
학교교과교습학원,"{'영어', '초등', '반'}",127.0572017,37.16016973
학교교과교습학원,{'드럼'},127.0680882,37.16011018
학교교과교습학원,"{'수학', '초등', '반'}",127.0572017,37.16016973
학교교과교습학원,{'기타'},127.0573365,37.15969212
학교교과교습학원,"{'수학', '등교', '초', '일반', '국어'}",127.06002749999999,37.16022247
학교교과교습학원,"{'영어', '초등', '반'}",127.0572017,37.16016973
학교교과교습학원,"{'등단', '초'}",127.0561665,37.16091807
학교교과교습학원,{'등단'},127.0561665,37.16091807
학교교과교습학원,"{'피아노', '체르니'}",127.0561665,37.16080994
학교교과교습학원,"{'피아노', '고급'}",127.0573365,37.15969212
학교교과교습학원,"{'영어', '초등', '반'}",127.0572017,37.16016973
학교교과교습학원,"{'사회', '과학', '녀', '영문법', '등교', '가정', '초', '영어', '회화', '다자'}",127.06002749999999,37.16022247
학교교과교습학원,"{'사회', '과학', '영문법', '등교', '상위', '계층', '초', '가정', '차', '영어', '회화', '기초', '수급'}",127.06002749999999,37.16022247
학교교과교습학원,"{'종합', '초등', '반'}",127.0572017,37.16016973
학교교과교습학원,"{'수학', '초등', '반'}",127.0572017,37.16016973
학교교과교습학원,"{'종합', '초등', '반'}",127.0572017,37.16016973
교습소,{'음악'},127.0553347,37.16277459
교습소,{'미술'},127.0553347,37.16277459
교습소,{'미술'},127.0562233,37.16152174
교습소,{'보습'},127.0562233,37.16152174
교습소,{'음악'},127.0566395,37.16114312
교습소,"{'논술', '보습'}",127.05663870000001,37.15994473
학교교과교습학원,"{'피아노', '입시'}",127.0573365,37.15969212
학교교과교습학원,"{'특강', '문법'}",127.05069240000002,37.17441804
교습소,{'음악'},127.04620030000001,37.17560915
교습소,{'미술'},127.05147109999999,37.17721997
교습소,{'보습'},127.0423051,37.17735853
교습소,{'음악'},127.0430922,37.17527686
교습소,{'음악'},127.0489149,37.1771399
교습소,{'보습'},127.0489149,37.1771399
교습소,{'공예'},127.05474779999999,37.17711046
교습소,"{'소', '기타'}",127.05147109999999,37.17721997
교습소,{'보습'},127.0489149,37.1771399
교습소,{'보습'},127.04620030000001,37.17560915
교습소,{'음악'},127.04364209999999,37.17183468
교습소,{'주산'},127.0423051,37.17735853
교습소,{'보습'},127.04620030000001,37.17560915
교습소,{'보습'},127.05225859999999,37.17603027
교습소,{'보습'},127.04364209999999,37.17183468
교습소,{'음악'},127.0489149,37.1771399
교습소,{'음악'},127.0499751,37.1798336
교습소,{'보습'},127.0423051,37.17735853
교습소,{'보습'},127.05425249999999,37.1773089
교습소,{'음악'},127.04667509999999,37.17896986
학교교과교습학원,"{'논술', '고', '중'}",127.0453112,37.17652853
학교교과교습학원,"{'무용', '한국'}",127.0447594,37.17635753
학교교과교습학원,"{'기초', '영어'}",127.0453112,37.17652853
학교교과교습학원,"{'첼로', '고급', '반'}",127.05050159999999,37.175526399999995
학교교과교습학원,"{'피아노', '바이엘'}",127.05050159999999,37.175526399999995
학교교과교습학원,"{'피아노', '시반', '입'}",127.05050159999999,37.175526399999995
학교교과교습학원,"{'영어', '화목'}",127.05047859999999,37.17467042
학교교과교습학원,"{'영어', '논술', '초등'}",127.05127809999999,37.17475119
학교교과교습학원,"{'수학', '초등', '스쿨'}",127.0447594,37.17635753
학교교과교습학원,"{'중', '초', '창의', '독서', '국어'}",127.0447594,37.17635753
학교교과교습학원,"{'영어', '초', '공부', '중', '와락'}",127.0447594,37.17635753
학교교과교습학원,"{'영어', '등부'}",127.05069240000002,37.17441804
학교교과교습학원,"{'수학', '초등'}",127.0501747,37.17496789
학교교과교습학원,"{'수학', '고'}",127.0501747,37.17496789
학교교과교습학원,"{'수학', '고', '중', '초'}",127.0447594,37.17635753
학교교과교습학원,"{'수학', '고', '중', '초'}",127.0447594,37.17635753
학교교과교습학원,"{'초', '중', '국어'}",127.0447594,37.17635753
학교교과교습학원,"{'팩토', '수학'}",127.0501747,37.17496789
학교교과교습학원,{'중'},127.04584059999999,37.17675360000001
학교교과교습학원,"{'수학', '고'}",127.04502959999999,37.17644754
학교교과교습학원,"{'반', '첼로', '중'}",127.05050159999999,37.175526399999995
학교교과교습학원,"{'진학', '지도', '자소', '상담'}",127.05127809999999,37.17475119
학교교과교습학원,{'초'},127.0501747,37.17496789
학교교과교습학원,"{'영어', '중학', '논술'}",127.05127809999999,37.17475119
학교교과교습학원,{'초'},127.0501747,37.17496789
학교교과교습학원,{'영어'},127.05069240000002,37.17441804
학교교과교습학원,"{'초', '영역', '중', '국어'}",127.0447594,37.17635753
학교교과교습학원,"{'사회', '공부', '초', '중', '와락'}",127.0447594,37.17635753
학교교과교습학원,"{'과목', '초등'}",127.0444778,37.17633060000001
학교교과교습학원,"{'영어', '화상'}",127.05069240000002,37.17441804
학교교과교습학원,"{'미술', '유치부', '저학년', '초등'}",127.04502959999999,37.17644754
학교교과교습학원,"{'부', '영어', '화목'}",127.05050159999999,37.175526399999995
학교교과교습학원,"{'단', '영어', '초', '공부', '중', '와락'}",127.0447594,37.17635753
학교교과교습학원,"{'발레', '초', '등부'}",127.0447594,37.17635753
학교교과교습학원,"{'영어', '초'}",127.05127809999999,37.17475119
학교교과교습학원,"{'실', '다인', '일'}",127.05127809999999,37.17475119
학교교과교습학원,"{'사', '과', '초등', '국', '영', '수'}",127.05127809999999,37.17475119
학교교과교습학원,"{'격진', '자율', '활동', '학'}",127.05127809999999,37.17475119
학교교과교습학원,"{'레벨', '고', '영어', '아이', '초', '중'}",127.0447594,37.17635753
학교교과교습학원,"{'수학', '초등'}",127.0447594,37.17635753
학교교과교습학원,"{'사', '수', '초등', '국', '과'}",127.04502959999999,37.17644754
학교교과교습학원,"{'바이올린', '고급', '반'}",127.05050159999999,37.175526399999995
학교교과교습학원,"{'개인실', '개원'}",127.05127809999999,37.17475119
학교교과교습학원,"{'수학', '주', '회'}",127.05050159999999,37.175526399999995
학교교과교습학원,"{'수학', '회', '등주'}",127.05050159999999,37.175526399999995
학교교과교습학원,"{'수학', '공부', '초', '중', '와락'}",127.0447594,37.17635753
학교교과교습학원,{'영어'},127.05069240000002,37.17441804
학교교과교습학원,{'보컬'},127.05050159999999,37.175526399999995
학교교과교습학원,"{'영어', '초', '공부', '중', '와락'}",127.0447594,37.17635753
학교교과교습학원,"{'수학', '공부', '초', '중', '와락'}",127.0447594,37.17635753
학교교과교습학원,"{'토론', '특강'}",127.05069240000002,37.17441804
학교교과교습학원,"{'사', '과', '초등', '국', '영', '수'}",127.04502959999999,37.17644754
학교교과교습학원,"{'영어', '초'}",127.05127809999999,37.17475119
학교교과교습학원,"{'영어', '급'}",127.05127809999999,37.17475119
학교교과교습학원,"{'바이올린', '초반'}",127.05050159999999,37.175526399999995
학교교과교습학원,"{'초', '중', '톡', '해피'}",127.0447594,37.17635753
학교교과교습학원,"{'영어', '중'}",127.0501747,37.17496789
학교교과교습학원,"{'영어', '매일반'}",127.05047859999999,37.17467042
학교교과교습학원,"{'과목', '초'}",127.0453112,37.17652853
학교교과교습학원,"{'피아노', '중'}",127.04584059999999,37.17675360000001
학교교과교습학원,"{'바이올린', '플룻'}",127.04584059999999,37.17675360000001
학교교과교습학원,"{'영어', '급'}",127.0453112,37.17652853
학교교과교습학원,"{'영어', '초등'}",127.04502959999999,37.17644754
학교교과교습학원,"{'수학', '초등', '스쿨'}",127.0447594,37.17635753
학교교과교습학원,"{'피아노', '입시'}",127.04584059999999,37.17675360000001
학교교과교습학원,"{'영어', '초'}",127.05069240000002,37.17441804
학교교과교습학원,"{'수학', '등기', '초'}",127.0453112,37.17652853
학교교과교습학원,"{'영어', '수학', '초등'}",127.04502959999999,37.17644754
학교교과교습학원,"{'영어', '고'}",127.04502959999999,37.17644754
학교교과교습학원,"{'영어', '고급'}",127.05127809999999,37.17475119
학교교과교습학원,{'애니메이션'},127.04502959999999,37.17644754
학교교과교습학원,{'초'},127.0501747,37.17496789
학교교과교습학원,{'중'},127.0501747,37.17496789
학교교과교습학원,"{'진학', '지도', '상담', '봉사'}",127.05127809999999,37.17475119
학교교과교습학원,"{'과학', '초', '중', '온', '플러스'}",127.0447594,37.17635753
학교교과교습학원,"{'한자', '초', '고', '중'}",127.0447594,37.17635753
학교교과교습학원,"{'발레', '초등', '전공'}",127.0447594,37.17635753
학교교과교습학원,"{'영어', '유치부'}",127.05069240000002,37.17441804
학교교과교습학원,"{'영어', '초등'}",127.04502959999999,37.17644754
학교교과교습학원,"{'미술', '초', '학년', '등고'}",127.04502959999999,37.17644754
학교교과교습학원,{'등부'},127.04502959999999,37.17644754
학교교과교습학원,"{'실', '다인', '개월'}",127.05127809999999,37.17475119
학교교과교습학원,"{'반', '바이올린', '중'}",127.05050159999999,37.175526399999995
학교교과교습학원,"{'피아노', '체르니'}",127.05050159999999,37.175526399999995
학교교과교습학원,"{'수학', '초등'}",127.05127809999999,37.17475119
학교교과교습학원,"{'수학', '회', '등주'}",127.05050159999999,37.175526399999995
학교교과교습학원,{'드럼'},127.05069240000002,37.17441804
학교교과교습학원,{'바이올린'},127.04502959999999,37.17644754
학교교과교습학원,"{'부', '영어', '화목'}",127.05050159999999,37.175526399999995
학교교과교습학원,{'피아노'},127.04502959999999,37.17644754
학교교과교습학원,{'영어'},127.05069240000002,37.17441804
학교교과교습학원,"{'영어', '초'}",127.0501747,37.17496789
학교교과교습학원,"{'초', '중', '톡', '해피'}",127.0447594,37.17635753
학교교과교습학원,"{'발레', '유치부'}",127.0447594,37.17635753
학교교과교습학원,"{'영어', '상급'}",127.0453112,37.17652853
학교교과교습학원,"{'개인실', '일'}",127.05127809999999,37.17475119
학교교과교습학원,"{'수학', '초등'}",127.05127809999999,37.17475119
학교교과교습학원,"{'수학', '초등'}",127.04502959999999,37.17644754
학교교과교습학원,"{'중국어', '초등'}",127.0444778,37.17633060000001
학교교과교습학원,{'피아노'},127.05069240000002,37.17441804
학교교과교습학원,"{'금', '영어', '월', '수'}",127.05050159999999,37.175526399999995
학교교과교습학원,"{'개인실', '월', '료', '이용'}",127.05127809999999,37.17475119
학교교과교습학원,"{'사회', '초', '중', '온', '플러스'}",127.0447594,37.17635753
학교교과교습학원,"{'영어', '초', '고', '중'}",127.0447594,37.17635753
학교교과교습학원,"{'영어', '초', '이그', '중', '머'}",127.0447594,37.17635753
학교교과교습학원,"{'과학', '공부', '초', '중', '와락'}",127.0447594,37.17635753
학교교과교습학원,"{'영어', '고급'}",127.0453112,37.17652853
학교교과교습학원,"{'수학', '초등', '급'}",127.0453112,37.17652853
학교교과교습학원,"{'영어', '화상'}",127.05069240000002,37.17441804
학교교과교습학원,"{'말', '특강'}",127.05069240000002,37.17441804
학교교과교습학원,"{'초', '등부', '유'}",127.0444778,37.17633060000001
학교교과교습학원,"{'개인실', '료', '이용'}",127.05127809999999,37.17475119
학교교과교습학원,"{'수학', '주', '회'}",127.05050159999999,37.175526399999995
학교교과교습학원,"{'중', '초', '창의', '독서', '국어'}",127.0447594,37.17635753
학교교과교습학원,"{'사', '수', '초등', '국', '과'}",127.04502959999999,37.17644754
학교교과교습학원,"{'진학', '동아리', '지도', '상담'}",127.05127809999999,37.17475119
학교교과교습학원,"{'수학', '회', '등주'}",127.05050159999999,37.175526399999995
학교교과교습학원,"{'역사', '사회', '중', '초'}",127.0447594,37.17635753
학교교과교습학원,"{'피아노', '고급'}",127.04584059999999,37.17675360000001
학교교과교습학원,"{'우쿨렐레', '기타'}",127.04584059999999,37.17675360000001
학교교과교습학원,"{'수학', '초'}",127.0453112,37.17652853
학교교과교습학원,"{'영어', '등부'}",127.05069240000002,37.17441804
학교교과교습학원,"{'수학', '초등'}",127.05069240000002,37.17441804
학교교과교습학원,"{'초반', '첼로'}",127.05050159999999,37.175526399999995
학교교과교습학원,"{'렉', '기타', '어쿠스틱', '베이스'}",127.05069240000002,37.17441804
학교교과교습학원,"{'수행', '세특', '진학', '지도', '상담'}",127.05127809999999,37.17475119
학교교과교습학원,{'성악'},127.04502959999999,37.17644754
학교교과교습학원,"{'공부', '초', '중', '와락', '국어'}",127.0447594,37.17635753
학교교과교습학원,{'영어'},127.05069240000002,37.17441804
학교교과교습학원,{'영어'},127.05069240000002,37.17441804
학교교과교습학원,"{'수학', '초등'}",127.0501747,37.17496789
학교교과교습학원,"{'영어', '급'}",127.05069240000002,37.17441804
학교교과교습학원,"{'영어', '초등'}",127.05127809999999,37.17475119
학교교과교습학원,"{'영어', '초', '급'}",127.05127809999999,37.17475119
학교교과교습학원,"{'월', '료', '이용'}",127.05127809999999,37.17475119
학교교과교습학원,{'건반'},127.05069240000002,37.17441804
학교교과교습학원,"{'영어', '고급'}",127.0501747,37.17496789
학교교과교습학원,"{'초', '한국사', '중'}",127.0447594,37.17635753
학교교과교습학원,"{'영어', '아이', '초', '중', '리스닝'}",127.0447594,37.17635753
학교교과교습학원,"{'공부', '초', '중', '와락', '국어'}",127.0447594,37.17635753
학교교과교습학원,"{'사고력', '수학', '중', '초'}",127.0447594,37.17635753
학교교과교습학원,"{'피아노', '초'}",127.04584059999999,37.17675360000001
학교교과교습학원,"{'발레', '초등', '전공'}",127.0447594,37.17635753
학교교과교습학원,"{'영어', '월', '수금'}",127.05047859999999,37.17467042
학교교과교습학원,{'작곡'},127.05069240000002,37.17441804
학교교과교습학원,"{'형제', '주', '바이엘', '피아노', '할인', '일'}",127.06727830000001,37.17419394
학교교과교습학원,"{'피아노', '주', '일', '바이엘'}",127.06727830000001,37.17419394
학교교과교습학원,"{'피아노', '주', '일', '바이엘'}",127.06727830000001,37.17419394
학교교과교습학원,"{'댄스', '방송'}",127.05645120000001,37.18147074
학교교과교습학원,"{'피아노', '바이엘'}",127.05645120000001,37.18147074
학교교과교습학원,"{'피아노', '체르니'}",127.05645120000001,37.18147074
학교교과교습학원,"{'피아노', '주', '체르니', '일'}",127.06727830000001,37.17419394
학교교과교습학원,"{'형제', '일', '주', '피아노', '할인', '체르니'}",127.06727830000001,37.17419394
학교교과교습학원,"{'심화', '재즈'}",127.05645120000001,37.18147074
학교교과교습학원,"{'피아노', '주', '일', '바이엘'}",127.06727830000001,37.17419394
학교교과교습학원,"{'피아노', '주', '체르니', '일'}",127.06727830000001,37.17419394
학교교과교습학원,"{'피아노', '주', '체르니', '일'}",127.06727830000001,37.17419394
학교교과교습학원,"{'피아노', '주', '체르니', '일'}",127.06727830000001,37.17419394
학교교과교습학원,"{'피아노', '주', '체르니', '일'}",127.06727830000001,37.17419394
학교교과교습학원,"{'피아노', '기초'}",127.0633377,37.17471862
교습소,{'음악'},127.05261940000001,37.17688611
교습소,{'미술'},127.0633377,37.17471862
교습소,{'음악'},127.06727830000001,37.17419394
학교교과교습학원,"{'피아노', '주', '체르니', '일'}",127.06727830000001,37.17419394
학교교과교습학원,"{'영어', '초등'}",127.0672253,37.17814054
학교교과교습학원,"{'피아노', '주', '체르니', '일'}",127.06727830000001,37.17419394
학교교과교습학원,"{'피아노', '체르니'}",127.05645120000001,37.18147074
학교교과교습학원,{'발레'},127.05645120000001,37.18147074
학교교과교습학원,"{'피아노', '주', '일', '바이엘'}",127.06727830000001,37.17419394
학교교과교습학원,"{'피아노', '주', '체르니', '일'}",127.06727830000001,37.17419394
학교교과교습학원,"{'수학', '초등'}",127.0672253,37.17814054
학교교과교습학원,"{'피아노', '고급'}",127.0633377,37.17471862
학교교과교습학원,"{'피아노', '중'}",127.0633377,37.17471862
학교교과교습학원,"{'형제', '주', '바이엘', '피아노', '할인', '일'}",127.06727830000001,37.17419394
학교교과교습학원,"{'피아노', '주', '체르니', '일'}",127.06727830000001,37.17419394
학교교과교습학원,"{'피아노', '주', '체르니', '일'}",127.06727830000001,37.17419394
학교교과교습학원,"{'심화', '재즈'}",127.05645120000001,37.18147074
학교교과교습학원,"{'피아노', '주', '체르니', '일'}",127.06727830000001,37.17419394
학교교과교습학원,"{'피아노', '주', '체르니', '일'}",127.06727830000001,37.17419394
학교교과교습학원,"{'영어', '저학년', '초등'}",127.04914009999999,37.14011585
학교교과교습학원,"{'수학', '학년', '등고', '초'}",127.04914009999999,37.14011585
학교교과교습학원,"{'초등', '보습', '사과', '국수'}",127.0487244,37.1413955
학교교과교습학원,{'피아노'},127.0486118,37.14122434
학교교과교습학원,"{'종합', '초등'}",127.0472501,37.14153122
학교교과교습학원,"{'드럼', '기타'}",127.0486118,37.14122434
학교교과교습학원,"{'영어', '초등'}",127.0487244,37.1413955
학교교과교습학원,"{'과목', '초등'}",127.04914009999999,37.14011585
교습소,{'보습'},127.04955770000001,37.14211601
학교교과교습학원,{'바이올린'},127.0486118,37.14122434
학교교과교습학원,"{'수학', '초등'}",127.0472501,37.14153122
학교교과교습학원,"{'영어', '유아'}",127.0472501,37.14153122
학교교과교습학원,"{'영어', '초등'}",127.0472501,37.14153122
학교교과교습학원,"{'영어', '초등'}",127.0472501,37.14153122
학교교과교습학원,"{'영어', '초', '학년', '등고'}",127.04914009999999,37.14011585
학교교과교습학원,"{'수학', '초등', '저학년'}",127.04914009999999,37.14011585
학교교과교습학원,"{'초등', '국어'}",127.04914009999999,37.14011585
학교교과교습학원,"{'피아노', '고급'}",127.078949,37.15703114
학교교과교습학원,"{'피아노', '고급'}",127.09041140000001,37.14922918
학교교과교습학원,"{'피아노', '고급'}",127.09067209999999,37.15075176
학교교과교습학원,"{'피아노', '초'}",127.09041140000001,37.14922918
학교교과교습학원,"{'영어', '초등'}",127.078949,37.15703114
학교교과교습학원,"{'수학', '초등'}",127.078949,37.15703114
학교교과교습학원,"{'영어', '대학', '일반'}",127.0907828,37.14913881
학교교과교습학원,{'바이올린'},127.09067209999999,37.15075176
학교교과교습학원,{'영어'},127.09067209999999,37.15075176
학교교과교습학원,{'영어'},127.09067209999999,37.15075176
학교교과교습학원,{'미술'},127.09067209999999,37.15075176
학교교과교습학원,{'영어'},127.09067209999999,37.15075176
학교교과교습학원,"{'수학', '유아'}",127.09067209999999,37.15075176
학교교과교습학원,"{'피아노', '급'}",127.078949,37.15703114
학교교과교습학원,"{'피아노', '급'}",127.078949,37.15703114
학교교과교습학원,{'미술'},127.09067209999999,37.15075176
학교교과교습학원,"{'피아노', '중'}",127.09067209999999,37.15075176
학교교과교습학원,"{'영어', '유치'}",127.0907828,37.14913881
교습소,{'미술'},127.0790062,37.15792314
교습소,{'음악'},127.0777192,37.15428374
학교교과교습학원,"{'피아노', '초'}",127.078949,37.15703114
학교교과교습학원,"{'종합', '초등'}",127.078949,37.15703114
학교교과교습학원,"{'피아노', '초'}",127.09067209999999,37.15075176
학교교과교습학원,"{'피아노', '초'}",127.078949,37.15703114
학교교과교습학원,"{'수학', '초등'}",127.09067209999999,37.15075176
학교교과교습학원,"{'영어', '초등'}",127.0907828,37.14913881
학교교과교습학원,{'영어'},127.09067209999999,37.15075176
학교교과교습학원,"{'피아노', '중'}",127.09041140000001,37.14922918
학교교과교습학원,"{'수학', '초등'}",127.0907828,37.14913881
학교교과교습학원,"{'피아노', '고급'}",127.078949,37.15703114
학교교과교습학원,"{'렐레', '우쿠'}",127.078949,37.15703114
학교교과교습학원,{'영어'},127.09067209999999,37.15075176
학교교과교습학원,"{'작품', '체르니', '고급'}",127.0442237,37.14389306
학교교과교습학원,"{'체르니', '고급'}",127.0442237,37.14389306
학교교과교습학원,{'바이올린'},127.0442237,37.14389306
학교교과교습학원,{'플룻'},127.0442237,37.14389306
학교교과교습학원,{'기타'},127.0442237,37.14389306
학교교과교습학원,"{'초', '바이엘'}",127.0442237,37.14389306
학교교과교습학원,{'우쿨렐레'},127.0442237,37.14389306
학교교과교습학원,{'입시'},127.0442237,37.14389306
교습소,{'음악'},127.0430872,37.14458726
학교교과교습학원,"{'체르니', '중'}",127.0442237,37.14389306
학교교과교습학원,"{'체르니', '중'}",127.0442237,37.14389306
학교교과교습학원,"{'영어', '초등'}",127.04170159999998,37.18633311
교습소,{'음악'},127.040361,37.18532437
교습소,{'미술'},127.0409787,37.1819723
학교교과교습학원,"{'피아노', '바이엘'}",127.040361,37.18532437
학교교과교습학원,{'플룻'},127.0409787,37.1819723
학교교과교습학원,{'피아노'},127.0409787,37.1819723
학교교과교습학원,"{'피아노', '체르니'}",127.040361,37.18532437
학교교과교습학원,"{'피아노', '체르니'}",127.040361,37.18532437
학교교과교습학원,"{'피아노', '체르니'}",127.040361,37.18532437
학교교과교습학원,"{'피아노', '곡'}",127.040361,37.18532437
학교교과교습학원,"{'수학', '초등'}",127.04170159999998,37.18633311
학교교과교습학원,{'플룻'},127.0533368,37.17194809
학교교과교습학원,"{'영어', '초'}",127.0668905,37.16839143
학교교과교습학원,"{'수학', '초'}",127.065394,37.16947348
학교교과교습학원,{'영어'},127.05836880000001,37.17041407
학교교과교습학원,{'보컬'},127.0533368,37.17194809
학교교과교습학원,"{'피아노', '유치부', '초'}",127.0693646,37.16505621
학교교과교습학원,"{'실', '다인', '일'}",127.0659457,37.16955429
학교교과교습학원,{'영어'},127.05836880000001,37.17041407
학교교과교습학원,"{'영어', '초등'}",127.0659457,37.16955429
학교교과교습학원,"{'피아노', '급', '상'}",127.0693646,37.16505621
학교교과교습학원,{'체르니'},127.056614,37.17274858
학교교과교습학원,"{'영어', '초등'}",127.05864050000001,37.17236019
학교교과교습학원,"{'영어', '수학', '초등'}",127.05864050000001,37.17236019
학교교과교습학원,"{'수학', '초'}",127.065394,37.16947348
학교교과교습학원,"{'수학', '초등'}",127.065395,37.17075296
학교교과교습학원,set(),127.0659457,37.16955429
학교교과교습학원,{'기타'},127.0533368,37.17194809
학교교과교습학원,"{'피아노', '급'}",127.0693646,37.16505621
학교교과교습학원,{'영어'},127.065394,37.16947348
학교교과교습학원,"{'초', '과학'}",127.065394,37.16947348
학교교과교습학원,"{'수학', '초등'}",127.06588959999999,37.16977958
학교교과교습학원,"{'수학', '초등'}",127.0586967,37.17222501
학교교과교습학원,{'영어'},127.05836880000001,37.17041407
학교교과교습학원,"{'바이올린', '초'}",127.0693646,37.16505621
학교교과교습학원,"{'댄스', '키즈'}",127.05922520000001,37.17125163
학교교과교습학원,{'영어'},127.065394,37.16947348
학교교과교습학원,"{'영어', '초등'}",127.0586967,37.17222501
학교교과교습학원,"{'초등', '과학'}",127.065395,37.17075296
학교교과교습학원,"{'영어', '초등'}",127.0659457,37.16955429
학교교과교습학원,{'수학'},127.065394,37.16947348
학교교과교습학원,{'바이올린'},127.065394,37.16947348
학교교과교습학원,{'일'},127.0659457,37.16955429
학교교과교습학원,{'영어'},127.065394,37.16947348
학교교과교습학원,"{'수학', '초등'}",127.0585619,37.17266658
학교교과교습학원,"{'피아노', '체르니'}",127.0659457,37.16955429
학교교과교습학원,"{'수학', '초등'}",127.0659457,37.16955429
학교교과교습학원,"{'피아노', '기타', '드럼', '베이스'}",127.05864050000001,37.17236019
학교교과교습학원,"{'수학', '초등'}",127.0585619,37.17266658
학교교과교습학원,"{'바이올린', '급'}",127.0693646,37.16505621
학교교과교습학원,{'체르니'},127.056614,37.17274858
학교교과교습학원,"{'초', '국어'}",127.065394,37.16947348
학교교과교습학원,"{'미술', '유치부', '일'}",127.06353200000001,37.16430246
학교교과교습학원,{'드럼'},127.0533368,37.17194809
교습소,{'보습'},127.06675600000001,37.16905828
교습소,{'보습'},127.058279,37.17072046
교습소,{'미술'},127.065394,37.16947348
교습소,{'미술'},127.056614,37.17274858
교습소,{'보습'},127.058279,37.17072046
교습소,{'음악'},127.059366,37.163863
학교교과교습학원,"{'수학', '초등'}",127.0585619,37.17266658
학교교과교습학원,"{'피아노', '바이엘'}",127.0659457,37.16955429
학교교과교습학원,"{'댄스', '방송'}",127.05922520000001,37.17125163
학교교과교습학원,"{'수학', '초등'}",127.0659457,37.16955429
학교교과교습학원,"{'영어', '초등'}",127.0659457,37.16955429
학교교과교습학원,"{'피아노', '초'}",127.06864440000001,37.16536296
학교교과교습학원,"{'수학', '초등'}",127.06722820000002,37.16824708
학교교과교습학원,{'영어'},127.05836880000001,37.17041407
학교교과교습학원,{'피아노'},127.0533368,37.17194809
학교교과교습학원,"{'수학', '등부'}",127.0585619,37.17266658
학교교과교습학원,{'영어'},127.05836880000001,37.17041407
학교교과교습학원,"{'영어', '초등'}",127.06588959999999,37.16977958
학교교과교습학원,"{'실', '다인', '개월'}",127.0659457,37.16955429
학교교과교습학원,{'기초'},127.056614,37.17274858
학교교과교습학원,"{'수학', '초'}",127.065394,37.16947348
학교교과교습학원,"{'피아노', '체르니'}",127.0659457,37.16955429
학교교과교습학원,"{'실용', '댄스'}",127.05922520000001,37.17125163
학교교과교습학원,"{'미술', '유치부', '일'}",127.06353200000001,37.16430246
학교교과교습학원,"{'수학', '초등'}",127.06722820000002,37.16824708
학교교과교습학원,"{'영어', '초'}",127.065394,37.16947348
학교교과교습학원,{'체르니'},127.056614,37.17274858
학교교과교습학원,"{'피아노', '체르니'}",127.0659457,37.16955429
학교교과교습학원,"{'수학', '초'}",127.0668905,37.16839143
학교교과교습학원,{'영어'},127.065394,37.16947348
학교교과교습학원,{'피아노'},127.065394,37.16947348
학교교과교습학원,"{'피아노', '체르니'}",127.0659457,37.16955429
학교교과교습학원,"{'수학', '초등'}",127.05864050000001,37.17236019
학교교과교습학원,"{'보컬', '작곡'}",127.05864050000001,37.17236019
학교교과교습학원,"{'수학', '초등'}",127.065395,37.17075296
학교교과교습학원,"{'피아노', '고급'}",127.0693646,37.16505621
학교교과교습학원,"{'수학', '초등'}",127.0659457,37.16955429
학교교과교습학원,"{'미술', '초', '일', '등부'}",127.06353200000001,37.16430246
학교교과교습학원,"{'미술', '초', '일', '등부'}",127.06353200000001,37.16430246
학교교과교습학원,{'초등'},127.0681378,37.16544434
교습소,{'보습'},127.02972220000001,37.19547298
학교교과교습학원,{'플룻'},127.0344304,37.1958052
학교교과교습학원,"{'종합', '초등'}",127.0233925,37.19635726
학교교과교습학원,"{'초등', '과학', '실험'}",127.0233925,37.19635726
학교교과교습학원,"{'영어', '초', '중등', '상급'}",127.0301727,37.19536475
학교교과교습학원,"{'영어', '초등', '급'}",127.0301727,37.19536475
학교교과교습학원,"{'주', '회', '중'}",127.0301727,37.19536475
학교교과교습학원,"{'피아노', '고급'}",127.0301727,37.19536475
학교교과교습학원,"{'피아노', '초'}",127.02972220000001,37.19547298
학교교과교습학원,"{'미술', '고급'}",127.02972220000001,37.19547298
학교교과교습학원,{'바이올린'},127.0344304,37.1958052
학교교과교습학원,"{'초', '등국'}",127.0233925,37.19635726
학교교과교습학원,"{'리코더', '단소', '오카리나'}",127.02972220000001,37.19547298
학교교과교습학원,"{'수학', '초등'}",127.0344304,37.1958052
학교교과교습학원,"{'수학', '초등'}",127.0301727,37.19536475
학교교과교습학원,"{'수학', '초등'}",127.02992490000001,37.195355799999994
학교교과교습학원,"{'피아노', '입시', '고급'}",127.0344304,37.1958052
학교교과교습학원,"{'종합', '초등'}",127.0301727,37.19536475
학교교과교습학원,"{'미술', '고급'}",127.02972220000001,37.19547298
학교교과교습학원,"{'주', '회', '중'}",127.0301727,37.19536475
학교교과교습학원,"{'기초', '주', '회'}",127.0301727,37.19536475
학교교과교습학원,"{'주', '회', '고급'}",127.0301727,37.19536475
학교교과교습학원,"{'영어', '초', '등기'}",127.0301727,37.19536475
학교교과교습학원,{'드럼'},127.0344304,37.1958052
학교교과교습학원,"{'종합', '초등'}",127.0233925,37.19635726
학교교과교습학원,"{'영어', '초등'}",127.0344304,37.1958052
학교교과교습학원,"{'수학', '초등'}",127.0233925,37.19635726
학교교과교습학원,"{'피아노', '중'}",127.02972220000001,37.19547298
학교교과교습학원,"{'바이올린', '성악', '기타', '플릇'}",127.02972220000001,37.19547298
학교교과교습학원,"{'피아노', '초'}",127.0344304,37.1958052
학교교과교습학원,{'우쿨렐레'},127.0344304,37.1958052
학교교과교습학원,"{'피아노', '급'}",127.0344304,37.1958052
학교교과교습학원,"{'피아노', '중'}",127.0301727,37.19536475
학교교과교습학원,"{'논술', '초등'}",127.0233925,37.19635726
학교교과교습학원,"{'피아노', '고급'}",127.02972220000001,37.19547298
학교교과교습학원,"{'수학', '초등', '심화'}",127.0233925,37.19635726
학교교과교습학원,"{'영어', '초등'}",127.0233925,37.19635726
학교교과교습학원,"{'주', '회', '고급'}",127.0301727,37.19536475
학교교과교습학원,"{'피아노', '초'}",127.0301727,37.19536475
학교교과교습학원,"{'미술', '부', '취미'}",127.0760037,37.14964442
학교교과교습학원,{'초'},127.0755528,37.14895089
학교교과교습학원,"{'토익', '일반'}",127.07480990000002,37.14897837
학교교과교습학원,"{'피아노', '상', '중'}",127.07475430000001,37.14967221
학교교과교습학원,"{'피아노', '심화'}",127.06569280000001,37.14958726
학교교과교습학원,"{'피아노', '급'}",127.07796869999999,37.15613973
학교교과교습학원,"{'영어', '초등'}",127.0747201,37.14925775
학교교과교습학원,"{'초', '영역', '중', '국어'}",127.0781716,37.15641893
학교교과교습학원,{'고급'},127.07844250000001,37.15711256
학교교과교습학원,"{'초', '중', '톡', '해피'}",127.0781716,37.15641893
학교교과교습학원,"{'사회', '공부', '초', '중', '와락'}",127.0781716,37.15641893
학교교과교습학원,"{'초등', '학년'}",127.074248,37.14995184
학교교과교습학원,{'오르프'},127.07428229999998,37.15058256
학교교과교습학원,"{'등', '목초', '전과'}",127.06599779999999,37.15086658
학교교과교습학원,"{'스', '유치', '피치', '독서'}",127.07428229999998,37.15058256
학교교과교습학원,"{'영어', '초등'}",127.0700267,37.14981014
학교교과교습학원,{'기타'},127.0760037,37.14964442
학교교과교습학원,{'체르니'},127.0760037,37.14964442
학교교과교습학원,"{'영어', '초등'}",127.074248,37.14995184
학교교과교습학원,{'초'},127.07475430000001,37.14967221
학교교과교습학원,"{'초', '고급', '중'}",127.07475430000001,37.14967221
학교교과교습학원,"{'심화', '반'}",127.07475430000001,37.14967221
학교교과교습학원,"{'피아노', '초'}",127.07796869999999,37.15613973
학교교과교습학원,{'강좌'},127.07475430000001,37.14967221
학교교과교습학원,"{'피아노', '심화'}",127.06569280000001,37.14958726
학교교과교습학원,"{'수학', '고', '중', '초'}",127.0781716,37.15641893
교습소,{'보습'},127.0693097,37.15372109
교습소,{'음악'},127.0716716,37.15139504
교습소,{'미술'},127.07428229999998,37.15058256
교습소,{'미술'},127.07428229999998,37.15058256
교습소,{'음악'},127.0684193,37.15241507
교습소,{'음악'},127.07308959999999,37.15111489
교습소,{'기계'},127.064916,37.14950657
교습소,{'음악'},127.06766940000001,37.14430606
교습소,{'음악'},127.0711994,37.15208912
학교교과교습학원,{'일반'},127.06995149999999,37.15391896
학교교과교습학원,"{'드럼', '보컬', '자곡', '기타'}",127.07796869999999,37.15613973
학교교과교습학원,"{'중고', '수학', '초'}",127.0747201,37.14925775
학교교과교습학원,{'중'},127.0699969,37.15436044
학교교과교습학원,"{'피아노', '작품'}",127.06569280000001,37.14958726
학교교과교습학원,"{'피아노', '입시'}",127.06569280000001,37.14958726
학교교과교습학원,"{'기타', '입문'}",127.06569280000001,37.14958726
학교교과교습학원,"{'천연', '향초'}",127.07330320000001,37.15072731
학교교과교습학원,"{'영어', '수학', '등심', '초'}",127.07428290000001,37.15116824
학교교과교습학원,"{'영어', '초등'}",127.0747201,37.14925775
학교교과교습학원,"{'영어', '초등'}",127.0747201,37.14925775
학교교과교습학원,"{'과학', '초', '중', '온', '플러스'}",127.0781716,37.15641893
학교교과교습학원,"{'수학', '공부', '초', '중', '와락'}",127.0781716,37.15641893
학교교과교습학원,{'영어'},127.06599779999999,37.15086658
학교교과교습학원,"{'종합', '초등'}",127.06599779999999,37.15086658
학교교과교습학원,"{'수학', '초등'}",127.07475430000001,37.14967221
학교교과교습학원,"{'냅킨', '아트'}",127.07330320000001,37.15072731
학교교과교습학원,{'목공'},127.07330320000001,37.15072731
학교교과교습학원,"{'초', '음악'}",127.06942240000002,37.15391926
학교교과교습학원,"{'초등', '보습'}",127.06942240000002,37.15391926
학교교과교습학원,"{'피아노', '작품'}",127.06569280000001,37.14958726
학교교과교습학원,"{'초', '중'}",127.07475430000001,37.14967221
학교교과교습학원,"{'피아노', '급'}",127.0767193,37.15628469
학교교과교습학원,"{'한자', '초등'}",127.0782506,37.156527000000004
학교교과교습학원,"{'영어', '초', '등교'}",127.0782506,37.156527000000004
학교교과교습학원,"{'미술', '초등'}",127.0760037,37.14964442
학교교과교습학원,"{'영어', '초등'}",127.0747201,37.14925775
학교교과교습학원,"{'영어', '수학', '과학'}",127.07796869999999,37.15613973
학교교과교습학원,"{'수학', '초등', '스쿨'}",127.0781716,37.15641893
학교교과교습학원,"{'영어', '초', '공부', '중', '와락'}",127.0781716,37.15641893
학교교과교습학원,"{'수학', '초등'}",127.074304,37.14964545
학교교과교습학원,"{'회화', '영어', '일반'}",127.07480990000002,37.14897837
학교교과교습학원,"{'수학', '초등'}",127.07480990000002,37.14897837
학교교과교습학원,"{'피아노', '째즈'}",127.0760037,37.14964442
학교교과교습학원,{'영어'},127.06599779999999,37.15086658
학교교과교습학원,{'종합'},127.06599779999999,37.15086658
학교교과교습학원,{'고급'},127.07428229999998,37.15058256
학교교과교습학원,"{'음', '고급'}",127.06942240000002,37.15391926
학교교과교습학원,"{'실', '다인'}",127.0640831,37.14956107
학교교과교습학원,"{'피아노', '중'}",127.07475430000001,37.14967221
학교교과교습학원,"{'과학', '공부', '초', '중', '와락'}",127.0781716,37.15641893
학교교과교습학원,"{'초', '중', '국어'}",127.0781716,37.15641893
학교교과교습학원,"{'영어', '초', '고', '중'}",127.0781716,37.15641893
학교교과교습학원,"{'수학', '사회', '과학', '초등', '학년', '국어'}",127.074248,37.14995184
학교교과교습학원,"{'수학', '초등'}",127.074248,37.14995184
학교교과교습학원,{'중'},127.07428229999998,37.15058256
학교교과교습학원,"{'및', '입시', '대회', '반'}",127.0760037,37.14964442
학교교과교습학원,"{'피아노', '고급'}",127.07796869999999,37.15613973
학교교과교습학원,{'중'},127.0755528,37.14895089
학교교과교습학원,"{'피아노', '고급'}",127.07796869999999,37.15613973
학교교과교습학원,{'공예'},127.07330320000001,37.15072731
학교교과교습학원,{'권'},127.07475430000001,37.14967221
학교교과교습학원,"{'수학', '초등', '스쿨'}",127.0781716,37.15641893
학교교과교습학원,"{'회화', '일어', '일반'}",127.07480990000002,37.14897837
학교교과교습학원,{'드럼'},127.07428229999998,37.15058256
학교교과교습학원,"{'초등', '마스터', '한글'}",127.0782506,37.156527000000004
학교교과교습학원,"{'수학', '초등'}",127.0742476,37.14950132
학교교과교습학원,"{'수학', '초등'}",127.0700267,37.14981014
학교교과교습학원,"{'피아노', '초'}",127.07428229999998,37.15058256
학교교과교습학원,{'초'},127.07428229999998,37.15058256
학교교과교습학원,"{'영어', '초등'}",127.07475430000001,37.14967221
학교교과교습학원,"{'피아노', '초'}",127.07796869999999,37.15613973
학교교과교습학원,"{'클레이', '아트'}",127.07330320000001,37.15072731
학교교과교습학원,"{'미술', '초'}",127.07844250000001,37.15711256
학교교과교습학원,{'피아노'},127.06569280000001,37.14958726
학교교과교습학원,"{'기초', '기타'}",127.06569280000001,37.14958726
학교교과교습학원,{'월권'},127.07475430000001,37.14967221
학교교과교습학원,"{'영어', '수학', '등기', '초'}",127.07428290000001,37.15116824
학교교과교습학원,"{'사', '수', '초등', '국', '과'}",127.0782506,37.156527000000004
학교교과교습학원,"{'사회', '초', '중', '온', '플러스'}",127.0781716,37.15641893
학교교과교습학원,{'중'},127.07475430000001,37.14967221
학교교과교습학원,{'영어'},127.07796869999999,37.15613973
학교교과교습학원,"{'한자', '초', '고', '중'}",127.0781716,37.15641893
학교교과교습학원,"{'초', '중', '톡', '해피'}",127.0781716,37.15641893
학교교과교습학원,"{'수학', '공부', '초', '중', '와락'}",127.0781716,37.15641893
학교교과교습학원,"{'수학', '초등', '창의력'}",127.0782506,37.156527000000004
학교교과교습학원,{'고급'},127.07475430000001,37.14967221
학교교과교습학원,{'독서'},127.0776988,37.15633813
학교교과교습학원,{'초'},127.0699969,37.15436044
학교교과교습학원,{'고급'},127.0699969,37.15436044
학교교과교습학원,"{'상', '중'}",127.07475430000001,37.14967221
학교교과교습학원,"{'피아노', '기초'}",127.0767193,37.15628469
학교교과교습학원,"{'피아노', '고급'}",127.0767193,37.15628469
학교교과교습학원,"{'초', '한국사', '중'}",127.0781716,37.15641893
학교교과교습학원,"{'중', '초', '창의', '독서', '국어'}",127.0781716,37.15641893
학교교과교습학원,"{'영어', '아이', '초', '중', '리스닝'}",127.0781716,37.15641893
학교교과교습학원,"{'단', '영어', '초', '공부', '중', '와락'}",127.0781716,37.15641893
학교교과교습학원,"{'종합', '고'}",127.07475430000001,37.14967221
학교교과교습학원,{'플릇'},127.07428229999998,37.15058256
학교교과교습학원,"{'영어', '원어민'}",127.074248,37.14995184
학교교과교습학원,"{'그래픽', '일반'}",127.06995149999999,37.15391896
학교교과교습학원,{'중'},127.07844250000001,37.15711256
학교교과교습학원,"{'피아노', '바이엘'}",127.06569280000001,37.14958726
학교교과교습학원,"{'피아노', '체르니'}",127.06569280000001,37.14958726
학교교과교습학원,"{'피아노', '입시'}",127.06569280000001,37.14958726
학교교과교습학원,"{'기타', '중'}",127.06569280000001,37.14958726
학교교과교습학원,"{'종합', '고'}",127.07475430000001,37.14967221
학교교과교습학원,{'일'},127.07428290000001,37.15116824
학교교과교습학원,"{'사고력', '수학', '중', '초'}",127.0781716,37.15641893
학교교과교습학원,"{'중', '초', '창의', '독서', '국어'}",127.0781716,37.15641893
학교교과교습학원,"{'영어', '초', '이그', '중', '머'}",127.0781716,37.15641893
학교교과교습학원,"{'레벨', '고', '영어', '아이', '초', '중'}",127.0781716,37.15641893
학교교과교습학원,{'피아노'},127.07428229999998,37.15058256
학교교과교습학원,{'영어'},127.06599779999999,37.15086658
학교교과교습학원,{'종합'},127.06599779999999,37.15086658
학교교과교습학원,"{'피아노', '급'}",127.07428229999998,37.15058256
학교교과교습학원,{'영어'},127.074248,37.14995184
학교교과교습학원,{'바이엘'},127.0760037,37.14964442
학교교과교습학원,{'체르니'},127.0760037,37.14964442
학교교과교습학원,{'캘리그라피'},127.07330320000001,37.15072731
학교교과교습학원,"{'피아노', '부초', '유치'}",127.07475430000001,37.14967221
학교교과교습학원,set(),127.0640831,37.14956107
학교교과교습학원,{'강좌'},127.07475430000001,37.14967221
학교교과교습학원,{'교단'},127.07475430000001,37.14967221
학교교과교습학원,"{'초', '등수', '마스터'}",127.0782506,37.156527000000004
학교교과교습학원,"{'바', '슬', '초등', '국', '즐', '수'}",127.0782506,37.156527000000004
학교교과교습학원,"{'중단', '초', '사과', '국영수'}",127.07600349999998,37.14941916
학교교과교습학원,"{'등단', '초', '사과', '국영수'}",127.07600349999998,37.14941916
학교교과교습학원,{'개월'},127.07428290000001,37.15116824
학교교과교습학원,"{'영어', '초', '공부', '중', '와락'}",127.0781716,37.15641893
학교교과교습학원,"{'등단', '사과', '국영수'}",127.07600349999998,37.14941916
학교교과교습학원,"{'역사', '사회', '중', '초'}",127.0781716,37.15641893
학교교과교습학원,"{'초등', '학년'}",127.074248,37.14995184
학교교과교습학원,"{'비누', '천연', '화장품'}",127.07330320000001,37.15072731
학교교과교습학원,"{'피아노', '고급'}",127.07475430000001,37.14967221
학교교과교습학원,{'유치부'},127.07475430000001,37.14967221
학교교과교습학원,{'중'},127.07475430000001,37.14967221
학교교과교습학원,"{'피아노', '체르니'}",127.06569280000001,37.14958726
학교교과교습학원,"{'강좌', '시반', '입'}",127.07475430000001,37.14967221
학교교과교습학원,"{'사고력', '초등', '수학'}",127.0782506,37.156527000000004
학교교과교습학원,"{'공부', '초', '중', '와락', '국어'}",127.0781716,37.15641893
학교교과교습학원,"{'영어', '수학', '초등'}",127.0755528,37.14895089
학교교과교습학원,"{'영어', '초등'}",127.07480990000002,37.14897837
학교교과교습학원,"{'미술', '입시'}",127.0699969,37.15436044
학교교과교습학원,{'종합'},127.06599779999999,37.15086658
학교교과교습학원,"{'초등', '국수', '사과'}",127.0700267,37.14981014
학교교과교습학원,{'종이접기'},127.07330320000001,37.15072731
학교교과교습학원,"{'과', '수', '국', '사'}",127.07796869999999,37.15613973
학교교과교습학원,"{'영어', '체험', '파닉스'}",127.074248,37.14995184
학교교과교습학원,"{'리본', '아트'}",127.07330320000001,37.15072731
학교교과교습학원,"{'음악', '급'}",127.06942240000002,37.15391926
학교교과교습학원,"{'사', '국', '역사', '초', '중등', '과'}",127.07428290000001,37.15116824
학교교과교습학원,"{'미술', '유치부', '유아'}",127.0760037,37.14964442
학교교과교습학원,"{'영어', '유치부'}",127.0747201,37.14925775
학교교과교습학원,"{'공부', '초', '중', '와락', '국어'}",127.0781716,37.15641893
학교교과교습학원,{'드럼'},127.0760037,37.14964442
학교교과교습학원,"{'영어', '초등'}",127.06599779999999,37.15086658
학교교과교습학원,"{'피아노', '고급'}",127.07428229999998,37.15058256
학교교과교습학원,{'드럼'},127.07428229999998,37.15058256
학교교과교습학원,"{'스', '초등', '피치', '독서'}",127.07428229999998,37.15058256
학교교과교습학원,"{'피아노', '중'}",127.07796869999999,37.15613973
학교교과교습학원,{'체르니'},127.0760037,37.14964442
학교교과교습학원,{'고급'},127.0755528,37.14895089
학교교과교습학원,"{'바이올린', '플룻'}",127.07796869999999,37.15613973
학교교과교습학원,{'유치부'},127.0699969,37.15436044
학교교과교습학원,{'영어'},127.0776988,37.15633813
학교교과교습학원,"{'심화', '반'}",127.07475430000001,37.14967221
학교교과교습학원,"{'종합', '고'}",127.07475430000001,37.14967221
학교교과교습학원,"{'기본', '영어', '수학', '초등'}",127.07428290000001,37.15116824
학교교과교습학원,"{'계산', '수학', '초등'}",127.0782506,37.156527000000004
학교교과교습학원,"{'수학', '고', '중', '초'}",127.0781716,37.15641893
학교교과교습학원,"{'피아노', '초'}",127.0602811,37.19772372
학교교과교습학원,"{'영어', '초등'}",127.0648643,37.19652303
학교교과교습학원,"{'미술', '영어', '피아노'}",127.0602811,37.19772372
학교교과교습학원,{'미술'},127.0602811,37.19772372
학교교과교습학원,"{'수학', '시간', '논술', '초등', '피아노', '영어', '각', '종일', '바이올린'}",127.0602811,37.19772372
학교교과교습학원,"{'피아노', '중'}",127.0602811,37.19772372
학교교과교습학원,{'영어'},127.0602811,37.19772372
학교교과교습학원,{'바이올린'},127.0602811,37.19772372
학교교과교습학원,{'첼로'},127.0602811,37.19772372
학교교과교습학원,"{'영어', '초등'}",127.0602467,37.19702093
학교교과교습학원,{'영어'},127.0602811,37.19772372
학교교과교습학원,"{'피아노', '고급'}",127.0602811,37.19772372
학교교과교습학원,"{'영어', '유아'}",127.0602467,37.19702093
학교교과교습학원,"{'종합', '수학', '시간', '피아노', '영어', '바이올린'}",127.0602811,37.19772372
학교교과교습학원,"{'종합', '시간', '피아노', '영어', '바이올린', '한글'}",127.0602811,37.19772372
학교교과교습학원,"{'영어', '초등'}",127.0648643,37.19652303
학교교과교습학원,"{'영어', '초등'}",127.0648643,37.19652303
학교교과교습학원,"{'모의고사', '보충', '특강'}",127.07472879999999,37.14650054
학교교과교습학원,"{'재원', '영어', '수학', '등심'}",127.07039070000002,37.14139415
학교교과교습학원,"{'연기', '보컬', '중고생'}",127.0738632,37.14769946
학교교과교습학원,"{'수학', '초등'}",127.07039070000002,37.14139415
학교교과교습학원,"{'그래픽', '일반'}",127.0714997,37.1480883
학교교과교습학원,"{'미술', '초등'}",127.0758318,37.14647284
학교교과교습학원,"{'고등', '영어', '초', '특강'}",127.07472879999999,37.14650054
학교교과교습학원,"{'보충', '스파르타'}",127.07472879999999,37.14650054
학교교과교습학원,"{'입시', '전문', '기타'}",127.07641670000001,37.14600393
학교교과교습학원,"{'미술', '초등', '회'}",127.0751358,37.14841953
학교교과교습학원,"{'연기', '뉴스'}",127.0738632,37.14769946
학교교과교습학원,"{'워드', '컴활'}",127.07472879999999,37.14650054
학교교과교습학원,"{'일반', '고'}",127.07472879999999,37.14650054
학교교과교습학원,{'드럼'},127.07174769999999,37.13603213
학교교과교습학원,"{'기본', '수학', '초등'}",127.0698617,37.14139445
학교교과교습학원,"{'스쿨', '국어'}",127.07267250000001,37.13811302
학교교과교습학원,"{'똑똑', '한글'}",127.07267250000001,37.13811302
학교교과교습학원,{'써밋초등'},127.07267250000001,37.13811302
학교교과교습학원,"{'영어', '초등'}",127.0698617,37.14139445
학교교과교습학원,{'바이엘'},127.0726729,37.13856354
학교교과교습학원,"{'피아노', '입시', '고급'}",127.07597759999999,37.14595014
학교교과교습학원,"{'입시', '작곡'}",127.07641670000001,37.14600393
학교교과교습학원,"{'원격', '국어'}",127.0690288,37.14139492
학교교과교습학원,{'바이올린'},127.08249579999999,37.13622364
학교교과교습학원,"{'종합', '초등'}",127.07483559999999,37.14044544
학교교과교습학원,{'과학'},127.07267250000001,37.13811302
학교교과교습학원,"{'톡', '해피'}",127.07267250000001,37.13811302
학교교과교습학원,"{'와락', '국어'}",127.07267250000001,37.13811302
학교교과교습학원,"{'재원', '영어', '수학', '등심'}",127.07039070000002,37.14139415
학교교과교습학원,{'일반'},127.07472879999999,37.14650054
학교교과교습학원,{'체르니'},127.070508,37.13416768
학교교과교습학원,"{'드럼', '취미'}",127.07641670000001,37.14600393
학교교과교습학원,{'영어'},127.08658870000001,37.14300571
학교교과교습학원,"{'영어', '고급'}",127.0695578,37.14136759
학교교과교습학원,"{'재원', '비', '생'}",127.0737774,37.14020279
학교교과교습학원,"{'종합', '초등', '특강'}",127.07472879999999,37.14650054
학교교과교습학원,"{'월반', '개'}",127.07039070000002,37.14139415
학교교과교습학원,"{'영어', '초등', '급'}",127.074867,37.13794952
학교교과교습학원,"{'회반', '주'}",127.0726729,37.13856354
학교교과교습학원,"{'영어', '초'}",127.07641670000001,37.14600393
학교교과교습학원,{'반실'},127.07039070000002,37.14139415
학교교과교습학원,"{'초', '일', '특강'}",127.07225259999998,37.13433787
학교교과교습학원,{'등부'},127.07230859999999,37.13400445
학교교과교습학원,"{'스쿨', '국어'}",127.07267250000001,37.13811302
학교교과교습학원,"{'필즈', '수학', '초등', '아벨'}",127.0737774,37.14020279
학교교과교습학원,{'영어'},127.07267250000001,37.13811302
학교교과교습학원,"{'놀이', '똑똑'}",127.07267250000001,37.13811302
학교교과교습학원,"{'매', '위니'}",127.0754716,37.14647306
학교교과교습학원,"{'수학', '초등'}",127.0706121,37.13725822
학교교과교습학원,"{'영어', '초등'}",127.0698617,37.14139445
학교교과교습학원,{'초등'},127.07308940000001,37.13861736
학교교과교습학원,{'한자'},127.07267250000001,37.13811302
학교교과교습학원,"{'와락', '국어'}",127.07267250000001,37.13811302
학교교과교습학원,"{'초등', '사과', '국영수'}",127.07039070000002,37.14139415
학교교과교습학원,"{'영어', '초등', '고급'}",127.0706121,37.13725822
학교교과교습학원,"{'종합', '초등'}",127.07383200000001,37.13841868
학교교과교습학원,{'일반'},127.0714997,37.1480883
학교교과교습학원,"{'영어', '중'}",127.07383200000001,37.13841868
학교교과교습학원,"{'수학', '초등'}",127.08249579999999,37.13622364
학교교과교습학원,"{'우크렐레', '중'}",127.07597759999999,37.14595014
학교교과교습학원,{'작곡'},127.07641670000001,37.14600393
학교교과교습학원,"{'영어', '수학', '초등', '특강'}",127.07472879999999,37.14650054
학교교과교습학원,"{'영어', '초등'}",127.07483559999999,37.14044544
학교교과교습학원,"{'모의고사', '집중', '특강'}",127.07472879999999,37.14650054
학교교과교습학원,"{'피아노', '입시', '심화'}",127.07641670000001,37.14600393
학교교과교습학원,"{'입시', '기타', '심화'}",127.07641670000001,37.14600393
학교교과교습학원,{'독서'},127.07267250000001,37.13811302
학교교과교습학원,"{'영어', '초', '원어민'}",127.07383200000001,37.13841868
학교교과교습학원,{'과학'},127.0695578,37.14136759
학교교과교습학원,"{'일반', '워드', '컴활'}",127.07472879999999,37.14650054
학교교과교습학원,"{'영어', '초등', '일'}",127.0737774,37.14020279
학교교과교습학원,"{'영어', '중'}",127.07641670000001,37.14600393
학교교과교습학원,"{'초등', '사과', '국영수'}",127.0690288,37.14139492
학교교과교습학원,"{'영어', '초등'}",127.0706121,37.13725822
학교교과교습학원,{'다독'},127.0706121,37.13725822
학교교과교습학원,"{'피아노', '입시'}",127.0701081,37.14008779
학교교과교습학원,{'기타'},127.07597759999999,37.14595014
학교교과교습학원,"{'영어', '초등', '일'}",127.0737774,37.14020279
학교교과교습학원,{'화성학'},127.07641670000001,37.14600393
학교교과교습학원,"{'그래픽', '중고', '초'}",127.0714997,37.1480883
학교교과교습학원,"{'종합', '수학', '중'}",127.07383200000001,37.13841868
학교교과교습학원,{'한자'},127.0758318,37.14647284
학교교과교습학원,"{'피아노', '기본', '취미'}",127.07641670000001,37.14600393
학교교과교습학원,"{'영어', '수학', '초등'}",127.07472879999999,37.14650054
학교교과교습학원,"{'수학', '등부', '초'}",127.0754716,37.14647306
학교교과교습학원,"{'영어', '수학', '등부'}",127.0754716,37.14647306
학교교과교습학원,{'이용권'},127.0754716,37.14647306
학교교과교습학원,"{'수학', '중'}",127.07641670000001,37.14600393
학교교과교습학원,"{'수학', '초등'}",127.07641670000001,37.14600393
학교교과교습학원,"{'중고', '초'}",127.07472879999999,37.14650054
학교교과교습학원,"{'등', '목초', '전과'}",127.0758318,37.14647284
학교교과교습학원,"{'톡', '해피'}",127.07267250000001,37.13811302
학교교과교습학원,{'일본어'},127.07267250000001,37.13811302
학교교과교습학원,"{'수학', '와락'}",127.07267250000001,37.13811302
학교교과교습학원,"{'와락', '과학'}",127.07267250000001,37.13811302
학교교과교습학원,"{'수학', '초등'}",127.0737774,37.14020279
학교교과교습학원,"{'수학', '초등'}",127.07039070000002,37.14139415
학교교과교습학원,"{'수학', '초등'}",127.0690288,37.14139492
학교교과교습학원,"{'영어', '원격'}",127.0690288,37.14139492
학교교과교습학원,"{'영어', '초등'}",127.08249579999999,37.13622364
학교교과교습학원,"{'수학', '초등', '일', '가우스'}",127.0737774,37.14020279
학교교과교습학원,{'우쿨렐레'},127.07597759999999,37.14595014
학교교과교습학원,"{'보컬', '입시', '전문', '오디션'}",127.07641670000001,37.14600393
학교교과교습학원,"{'영어', '급'}",127.0695578,37.14136759
학교교과교습학원,"{'수학', '초등'}",127.0759455,37.14767116
학교교과교습학원,"{'피아노', '급'}",127.070508,37.13416768
학교교과교습학원,"{'피아노', '어린이', '고급'}",127.07641670000001,37.14600393
학교교과교습학원,"{'미술', '초등', '회'}",127.0751358,37.14841953
학교교과교습학원,"{'과', '국', '영', '등단', '초', '수'}",127.0758318,37.14647284
학교교과교습학원,"{'영어', '초', '등기'}",127.074867,37.13794952
학교교과교습학원,"{'영어', '초', '등고'}",127.074867,37.13794952
학교교과교습학원,"{'수학', '일', '가우스', '초둥'}",127.0737774,37.14020279
학교교과교습학원,{'개인실'},127.07039070000002,37.14139415
학교교과교습학원,"{'수학', '초'}",127.07641670000001,37.14600393
학교교과교습학원,"{'월', '이용권'}",127.0754716,37.14647306
학교교과교습학원,"{'영어', '수학', '초등'}",127.0759455,37.14767116
학교교과교습학원,{'한자'},127.07267250000001,37.13811302
학교교과교습학원,{'문법'},127.07267250000001,37.13811302
학교교과교습학원,{'똑똑'},127.07267250000001,37.13811302
학교교과교습학원,"{'사회', '와락'}",127.07267250000001,37.13811302
학교교과교습학원,"{'연합', '초등'}",127.0737774,37.14020279
학교교과교습학원,"{'영어', '초등'}",127.07039070000002,37.14139415
학교교과교습학원,"{'수학', '초등'}",127.0758318,37.14647284
학교교과교습학원,"{'수학', '스쿨'}",127.07267250000001,37.13811302
학교교과교습학원,"{'단', '등부'}",127.07230859999999,37.13400445
학교교과교습학원,"{'피아노', '초'}",127.07597759999999,37.14595014
학교교과교습학원,"{'피아노', '초'}",127.08249579999999,37.13622364
학교교과교습학원,"{'종합', '수학', '중'}",127.07383200000001,37.13841868
학교교과교습학원,"{'수학', '특강', '중'}",127.07383200000001,37.13841868
학교교과교습학원,"{'피아노', '바이엘'}",127.070508,37.13416768
학교교과교습학원,"{'영어', '초등'}",127.0695578,37.14136759
학교교과교습학원,{'영어'},127.08658870000001,37.14300571
학교교과교습학원,"{'피아노', '중'}",127.0708332,37.13277988
학교교과교습학원,{'개월'},127.0754716,37.14647306
학교교과교습학원,"{'무용', '재수', '고', '연기', '보컬'}",127.0738632,37.14769946
학교교과교습학원,{'영어'},127.07039070000002,37.14139415
학교교과교습학원,"{'영어', '초등'}",127.07039070000002,37.14139415
학교교과교습학원,{'기타'},127.07174769999999,37.13603213
학교교과교습학원,"{'특', '인석'}",127.07039070000002,37.14139415
학교교과교습학원,"{'피아노', '초', '어린이'}",127.07641670000001,37.14600393
학교교과교습학원,{'일'},127.07039070000002,37.14139415
학교교과교습학원,{'일'},127.0754716,37.14647306
학교교과교습학원,"{'영어', '초등'}",127.0698617,37.14139445
학교교과교습학원,{'중'},127.0706121,37.13725822
학교교과교습학원,"{'피아노', '초등'}",127.08658870000001,37.14300571
학교교과교습학원,{'수학'},127.07267250000001,37.13811302
학교교과교습학원,"{'종합', '초등'}",127.07174769999999,37.13603213
학교교과교습학원,"{'그래픽', '웹디자인', '일반'}",127.07472879999999,37.14650054
학교교과교습학원,{'듣기'},127.07267250000001,37.13811302
학교교과교습학원,"{'수학', '똑똑'}",127.07267250000001,37.13811302
학교교과교습학원,"{'한자', '똑똑'}",127.07267250000001,37.13811302
학교교과교습학원,{'한국사'},127.07267250000001,37.13811302
학교교과교습학원,"{'수학', '초등'}",127.0695578,37.14136759
학교교과교습학원,{'플룻'},127.0701081,37.14008779
학교교과교습학원,"{'초등', '국수', '사과'}",127.08249579999999,37.13622364
학교교과교습학원,{'영어'},127.08658870000001,37.14300571
학교교과교습학원,{'영어'},127.08658870000001,37.14300571
학교교과교습학원,"{'수학', '초등'}",127.0695578,37.14136759
학교교과교습학원,"{'피아노', '심화', '취미'}",127.07641670000001,37.14600393
학교교과교습학원,"{'피아노', '고급'}",127.0701081,37.14008779
학교교과교습학원,"{'재원', '생', '종합', '반'}",127.0737774,37.14020279
학교교과교습학원,"{'종합', '초등', '특강'}",127.07472879999999,37.14650054
학교교과교습학원,{'개월'},127.07039070000002,37.14139415
학교교과교습학원,{'영어'},127.08658870000001,37.14300571
학교교과교습학원,"{'초', '중국어'}",127.0758318,37.14647284
학교교과교습학원,"{'기본', '기타', '취미'}",127.07641670000001,37.14600393
학교교과교습학원,"{'드럼', '입시', '전문'}",127.07641670000001,37.14600393
학교교과교습학원,"{'보컬', '심화', '취미'}",127.07641670000001,37.14600393
학교교과교습학원,"{'회반', '주'}",127.0726729,37.13856354
학교교과교습학원,{'초'},127.0706121,37.13725822
학교교과교습학원,{'이용권'},127.0754716,37.14647306
학교교과교습학원,{'매'},127.0754716,37.14647306
학교교과교습학원,"{'피아노', '급'}",127.0701081,37.14008779
학교교과교습학원,"{'영어', '초등'}",127.07641670000001,37.14600393
학교교과교습학원,"{'영어', '심화'}",127.07230859999999,37.13400445
학교교과교습학원,"{'단', '등부', '국어'}",127.07230859999999,37.13400445
학교교과교습학원,{'체르니'},127.0726729,37.13856354
학교교과교습학원,"{'초', '우크렐레'}",127.07597759999999,37.14595014
학교교과교습학원,{'드럼'},127.07597759999999,37.14595014
학교교과교습학원,"{'필즈', '수학', '초등', '아벨'}",127.0737774,37.14020279
학교교과교습학원,{'영어'},127.07039070000002,37.14139415
학교교과교습학원,"{'보컬', '입시', '심화'}",127.07641670000001,37.14600393
학교교과교습학원,"{'다인', '실', '학생'}",127.07477560000001,37.14841975
학교교과교습학원,"{'영어', '중'}",127.07383200000001,37.13841868
학교교과교습학원,"{'유치부', '단'}",127.0726729,37.13856354
학교교과교습학원,"{'종합', '초등'}",127.07383200000001,37.13841868
학교교과교습학원,{'독서'},127.07267250000001,37.13811302
학교교과교습학원,"{'피아노', '기초'}",127.0701081,37.14008779
학교교과교습학원,"{'영어', '중'}",127.07383200000001,37.13841868
학교교과교습학원,"{'고등', '영어', '초', '보충'}",127.07472879999999,37.14650054
학교교과교습학원,"{'중국어', '중'}",127.0758318,37.14647284
학교교과교습학원,"{'피아노', '입시', '전문'}",127.07641670000001,37.14600393
학교교과교습학원,"{'기본', '보컬', '취미'}",127.07641670000001,37.14600393
학교교과교습학원,"{'영어', '수학', '초등'}",127.0759455,37.14767116
학교교과교습학원,"{'과', '국', '영', '등단', '중', '수'}",127.0758318,37.14647284
학교교과교습학원,"{'회반', '주'}",127.0726729,37.13856354
학교교과교습학원,{'체르니'},127.0698617,37.14139445
학교교과교습학원,{'국어'},127.07267250000001,37.13811302
학교교과교습학원,{'체르니'},127.0726729,37.13856354
학교교과교습학원,"{'수학', '초등', '심화'}",127.0698617,37.14139445
학교교과교습학원,{'일본어'},127.07267250000001,37.13811302
학교교과교습학원,{'체르니'},127.0726729,37.13856354
학교교과교습학원,"{'종합', '초등'}",127.07225259999998,37.13433787
학교교과교습학원,"{'수학', '특강', '중'}",127.07383200000001,37.13841868
학교교과교습학원,"{'원격', '과학'}",127.0690288,37.14139492
학교교과교습학원,{'일반'},127.07472879999999,37.14650054
학교교과교습학원,"{'수학', '초등'}",127.0690288,37.14139492
학교교과교습학원,"{'영어', '초'}",127.0706121,37.13725822
학교교과교습학원,{'플릇'},127.08249579999999,37.13622364
학교교과교습학원,"{'영어', '특강', '중'}",127.07383200000001,37.13841868
학교교과교습학원,"{'영어', '특강', '중'}",127.07383200000001,37.13841868
학교교과교습학원,"{'유치부', '종합'}",127.0726729,37.13856354
학교교과교습학원,"{'유치부', '단'}",127.0726729,37.13856354
학교교과교습학원,"{'영어', '초등', '일'}",127.0737774,37.14020279
학교교과교습학원,{'영어'},127.07039070000002,37.14139415
학교교과교습학원,{'바이올린'},127.07641670000001,37.14600393
학교교과교습학원,{'개월'},127.0754716,37.14647306
학교교과교습학원,"{'영어', '고급'}",127.0695578,37.14136759
학교교과교습학원,"{'피아노', '초'}",127.0708332,37.13277988
학교교과교습학원,"{'스파르타', '특강'}",127.07472879999999,37.14650054
학교교과교습학원,"{'중국어', '고급'}",127.0758318,37.14647284
학교교과교습학원,"{'피아노', '어린이', '급'}",127.07641670000001,37.14600393
학교교과교습학원,"{'연기', '무용', '중고생'}",127.0738632,37.14769946
학교교과교습학원,{'일반'},127.07039070000002,37.14139415
학교교과교습학원,"{'미술', '초등'}",127.08658870000001,37.14300571
학교교과교습학원,"{'수학', '과학', '사회', '국어'}",127.0708332,37.13277988
학교교과교습학원,"{'미술', '유치'}",127.0758318,37.14647284
학교교과교습학원,"{'과목', '중'}",127.0698617,37.14139445
학교교과교습학원,"{'석', '개인'}",127.07039070000002,37.14139415
학교교과교습학원,"{'그래픽', '중고', '웹디자인', '초'}",127.07472879999999,37.14650054
학교교과교습학원,{'사고력'},127.07267250000001,37.13811302
학교교과교습학원,"{'초', '일', '특강'}",127.07225259999998,37.13433787
학교교과교습학원,{'인석'},127.07039070000002,37.14139415
학교교과교습학원,"{'등부', '국어'}",127.0713311,37.14830465
학교교과교습학원,"{'영어', '초등'}",127.0737774,37.14020279
학교교과교습학원,"{'영어', '똑똑'}",127.07267250000001,37.13811302
학교교과교습학원,"{'수학', '와락'}",127.07267250000001,37.13811302
학교교과교습학원,"{'영어', '와락'}",127.07267250000001,37.13811302
학교교과교습학원,"{'연합', '초등'}",127.0737774,37.14020279
학교교과교습학원,{'영어'},127.07039070000002,37.14139415
학교교과교습학원,"{'미술', '초등'}",127.0758318,37.14647284
학교교과교습학원,"{'학생', '일'}",127.07477560000001,37.14841975
학교교과교습학원,"{'영어', '초'}",127.0695578,37.14136759
학교교과교습학원,"{'재원', '생', '과반'}",127.0737774,37.14020279
학교교과교습학원,{'개월'},127.0754716,37.14647306
학교교과교습학원,{'과목'},127.08658870000001,37.14300571
학교교과교습학원,"{'고', '일반', '중'}",127.07472879999999,37.14650054
학교교과교습학원,{'인석특'},127.07039070000002,37.14139415
학교교과교습학원,"{'미술', '아동'}",127.0698617,37.14139445
학교교과교습학원,"{'단', '초등'}",127.07225259999998,37.13433787
학교교과교습학원,"{'종합', '등부'}",127.07230859999999,37.13400445
학교교과교습학원,"{'초', '등부', '국어'}",127.0713311,37.14830465
학교교과교습학원,"{'영어', '와락'}",127.07267250000001,37.13811302
학교교과교습학원,"{'월', '이용권'}",127.0754716,37.14647306
학교교과교습학원,"{'단', '초등'}",127.07174769999999,37.13603213
학교교과교습학원,"{'정보처리', '중고', '초', '기기'}",127.07472879999999,37.14650054
학교교과교습학원,"{'영어', '초등', '일'}",127.0737774,37.14020279
학교교과교습학원,"{'영역', '국어'}",127.07267250000001,37.13811302
학교교과교습학원,{'사회'},127.07267250000001,37.13811302
학교교과교습학원,"{'프티', '드'}",127.0754716,37.14647306
학교교과교습학원,"{'수학', '원격'}",127.0690288,37.14139492
학교교과교습학원,"{'기타', '중'}",127.07597759999999,37.14595014
학교교과교습학원,{'영어'},127.07039070000002,37.14139415
학교교과교습학원,{'영어'},127.07039070000002,37.14139415
학교교과교습학원,{'미디'},127.07641670000001,37.14600393
학교교과교습학원,"{'수학', '등부'}",127.0754716,37.14647306
학교교과교습학원,{'일'},127.0754716,37.14647306
학교교과교습학원,"{'미술', '입시'}",127.07297959999998,37.14169901
학교교과교습학원,"{'연기', '뉴스', '보컬', '무용'}",127.0738632,37.14769946
학교교과교습학원,"{'수', '국', '영', '등단', '과'}",127.0758318,37.14647284
학교교과교습학원,"{'회반', '주'}",127.0726729,37.13856354
학교교과교습학원,{'고급'},127.0706121,37.13725822
학교교과교습학원,"{'피아노', '고'}",127.0708332,37.13277988
학교교과교습학원,{'체르니'},127.070508,37.13416768
학교교과교습학원,{'영어'},127.07039070000002,37.14139415
학교교과교습학원,"{'초', '과목', '등부'}",127.07230859999999,37.13400445
학교교과교습학원,"{'피아노', '바이엘'}",127.0698617,37.14139445
학교교과교습학원,{'체르니'},127.0698617,37.14139445
학교교과교습학원,"{'수학', '스쿨'}",127.07267250000001,37.13811302
학교교과교습학원,"{'영어', '체험', '파닉스'}",127.07039070000002,37.14139415
학교교과교습학원,"{'초등', '사과', '국영수'}",127.0690288,37.14139492
학교교과교습학원,"{'수학', '초등', '일', '가우스'}",127.0737774,37.14020279
학교교과교습학원,{'매'},127.0754716,37.14647306
학교교과교습학원,"{'영어', '초등'}",127.07230859999999,37.13400445
학교교과교습학원,"{'초', '기타'}",127.07597759999999,37.14595014
학교교과교습학원,"{'피아노', '중'}",127.08249579999999,37.13622364
학교교과교습학원,"{'영어', '특강', '중'}",127.07383200000001,37.13841868
학교교과교습학원,"{'영어', '초등'}",127.0759455,37.14767116
학교교과교습학원,"{'기초', '기타', '취미'}",127.07641670000001,37.14600393
학교교과교습학원,"{'심화', '기타', '취미'}",127.07641670000001,37.14600393
학교교과교습학원,{'영어'},127.08658870000001,37.14300571
학교교과교습학원,"{'종합', '초등', '특강'}",127.07472879999999,37.14650054
교습소,{'바둑'},127.0708332,37.13277988
교습소,"{'논술', '보습'}",127.08249579999999,37.13622364
교습소,{'보습'},127.07119440000001,37.14650263
교습소,{'음악'},127.0753037,37.14744629
교습소,{'보습'},127.0726729,37.13856354
교습소,{'음악'},127.070508,37.13416768
교습소,{'미술'},127.0701081,37.14008779
교습소,{'보습'},127.0706121,37.13725822
교습소,{'음악'},127.0708332,37.13277988
교습소,{'음악'},127.0754716,37.14647306
교습소,{'보습'},127.0708332,37.13277988
교습소,{'보습'},127.0708332,37.13277988
교습소,{'보습'},127.074867,37.13794952
교습소,{'보습'},127.07597759999999,37.14595014
교습소,{'미술'},127.0706121,37.13725822
교습소,"{'논술', '보습'}",127.08249579999999,37.13622364
교습소,{'음악'},127.07383970000001,37.14672634
교습소,{'미술'},127.08249579999999,37.13622364
교습소,{'보습'},127.07597759999999,37.14595014
교습소,{'로봇'},127.0695578,37.14136759
학교교과교습학원,{'수학'},127.07267250000001,37.13811302
학교교과교습학원,"{'영어', '초등'}",127.0758318,37.14647284
학교교과교습학원,"{'영어', '초등저'}",127.0758318,37.14647284
학교교과교습학원,"{'종합', '등부', '국어'}",127.07230859999999,37.13400445
학교교과교습학원,{'사회'},127.07267250000001,37.13811302
학교교과교습학원,"{'중고', '초'}",127.0714997,37.1480883
학교교과교습학원,"{'종합', '수학', '중'}",127.07383200000001,37.13841868
학교교과교습학원,"{'수학', '특강', '중'}",127.07383200000001,37.13841868
학교교과교습학원,{'학생'},127.07477560000001,37.14841975
학교교과교습학원,"{'피아노', '중'}",127.07597759999999,37.14595014
학교교과교습학원,"{'수학', '초등', '일', '가우스'}",127.0737774,37.14020279
학교교과교습학원,"{'미술', '유치'}",127.0758318,37.14647284
학교교과교습학원,{'개월'},127.0754716,37.14647306
학교교과교습학원,"{'주', '베', '미술가', '회'}",127.06975349999999,37.1591992
학교교과교습학원,"{'피아노', '체르니'}",127.06975349999999,37.1591992
학교교과교습학원,{'드럼'},127.06975349999999,37.1591992
학교교과교습학원,"{'피아노', '기초'}",127.06975349999999,37.1591992
학교교과교습학원,"{'피아노', '체르니'}",127.06975349999999,37.1591992
학교교과교습학원,{'초등'},127.07122790000001,37.15869377
학교교과교습학원,{'플룻'},127.06975349999999,37.1591992
학교교과교습학원,"{'초등', '언어'}",127.07122790000001,37.15869377
학교교과교습학원,"{'피아노', '체르니'}",127.06975349999999,37.1591992
학교교과교습학원,"{'주', '베', '미술가', '회'}",127.06975349999999,37.1591992
학교교과교습학원,"{'수학', '초등'}",127.07122790000001,37.15869377
교습소,{'음악'},127.06450320000002,37.15397598
학교교과교습학원,{'독서실'},127.06186709999999,37.15147241
학교교과교습학원,{'영어'},127.0824104,37.12989833
학교교과교습학원,{'사회'},127.0824104,37.12989833
학교교과교습학원,{'기타'},127.079396,37.13142308
학교교과교습학원,{'피아노'},127.079396,37.13142308
학교교과교습학원,"{'영어', '초등'}",127.08511399999999,37.13239239
학교교과교습학원,"{'초등', '국어'}",127.079396,37.13142308
학교교과교습학원,{'국어'},127.0824104,37.12989833
학교교과교습학원,{'과학'},127.0824104,37.12989833
학교교과교습학원,{'플룻'},127.079396,37.13142308
학교교과교습학원,{'우쿨렐레'},127.079396,37.13142308
교습소,{'음악'},127.08547150000001,37.13000436
학교교과교습학원,{'피아노'},127.079396,37.13142308
학교교과교습학원,"{'수학', '초등'}",127.079396,37.13142308
학교교과교습학원,{'수학'},127.0824104,37.12989833
학교교과교습학원,"{'초등', '과학'}",127.079396,37.13142308
학교교과교습학원,"{'피아노', '고급'}",127.079396,37.13142308
학교교과교습학원,"{'사회', '초등'}",127.08511399999999,37.13239239
학교교과교습학원,"{'사회', '초등'}",127.079396,37.13142308
학교교과교습학원,"{'피아노', '급'}",127.079396,37.13142308
학교교과교습학원,"{'수학', '초등'}",127.08511399999999,37.13239239
학교교과교습학원,"{'영어', '초등'}",127.079396,37.13142308
학교교과교습학원,{'미술'},127.05091599999999,37.13642084
학교교과교습학원,"{'작품', '체르니', '반'}",127.08677970000001,37.14272625
학교교과교습학원,{'미술'},127.0502805,37.14599924
교습소,{'보습'},127.0637771,37.16105857
교습소,{'미술'},127.0637771,37.16105857
교습소,{'보습'},127.062722,37.16503272
교습소,{'보습'},127.0637771,37.16105857
교습소,{'미술'},127.0637771,37.16105857
교습소,{'보습'},127.062722,37.16503272
교습소,{'음악'},127.062674,37.16133846
학교교과교습학원,"{'피아노', '중'}",127.0423051,37.17735853
학교교과교습학원,{'바이올린'},127.0502805,37.14599924
학교교과교습학원,"{'피아노', '주', '회', '중'}",127.062722,37.16503272
학교교과교습학원,"{'종합', '초등'}",127.0442237,37.14389306
학교교과교습학원,"{'영어', '중'}",127.08677970000001,37.14272625
학교교과교습학원,{'이용권'},127.07119540000001,37.13511338
학교교과교습학원,{'영어'},127.04955770000001,37.14211601
학교교과교습학원,"{'피아노', '급'}",127.062722,37.16503272
학교교과교습학원,"{'피아노', '초', '주', '회'}",127.062722,37.16503272
학교교과교습학원,"{'피아노', '주', '회', '중'}",127.062722,37.16503272
학교교과교습학원,{'체르니'},127.08677970000001,37.14272625
학교교과교습학원,"{'초등', '국수', '사과'}",127.0442237,37.14389306
학교교과교습학원,"{'수학', '초등'}",127.07119540000001,37.13511338
학교교과교습학원,"{'피아노', '고급', '반'}",127.0502805,37.14599924
학교교과교습학원,{'피아노'},127.062722,37.16503272
학교교과교습학원,{'논술'},127.0618308,37.16283461
학교교과교습학원,"{'초', '바이엘'}",127.08677970000001,37.14272625
학교교과교습학원,"{'과목', '초등'}",127.08677970000001,37.14272625
학교교과교습학원,"{'피아노', '입시'}",127.0423051,37.17735853
학교교과교습학원,"{'피아노', '초', '반'}",127.0502805,37.14599924
학교교과교습학원,{'논술'},127.0618308,37.16283461
학교교과교습학원,"{'수학', '초등'}",127.08677970000001,37.14272625
학교교과교습학원,{'피아노'},127.04955770000001,37.14211601
학교교과교습학원,"{'피아노', '고급'}",127.062722,37.16503272
학교교과교습학원,"{'수학', '초등'}",127.0618308,37.16283461
학교교과교습학원,"{'피아노', '고급'}",127.0423051,37.17735853
학교교과교습학원,"{'월', '이용권'}",127.07119540000001,37.13511338
학교교과교습학원,{'체르니'},127.08677970000001,37.14272625
학교교과교습학원,{'수중'},127.0442237,37.14389306
학교교과교습학원,"{'수학', '초등'}",127.0618308,37.16283461
학교교과교습학원,"{'영어', '초등'}",127.0442237,37.14389306
학교교과교습학원,"{'피아노', '초'}",127.0423051,37.17735853
학교교과교습학원,"{'종합', '초등'}",127.07119540000001,37.13511338
학교교과교습학원,"{'피아노', '주', '회', '고급'}",127.062722,37.16503272
학교교과교습학원,"{'영어', '초'}",127.08677970000001,37.14272625
학교교과교습학원,"{'영어', '고급'}",127.08677970000001,37.14272625
학교교과교습학원,"{'피아노', '급반'}",127.0502805,37.14599924
학교교과교습학원,"{'국수', '사과'}",127.04955770000001,37.14211601
학교교과교습학원,"{'피아노', '주', '회', '고급'}",127.062722,37.16503272
학교교과교습학원,"{'피아노', '초'}",127.062722,37.16503272
학교교과교습학원,{'체르니'},127.08677970000001,37.14272625
